firstname,lastname,collegeusername
Alex,Turner,turnal01
Sophia,Moore,mooreso01
Ryan,Cooper,coopry01
Olivia,Baker,bakoli01
Tyler,Green,greety01
Isabella,Adams,adamis01
Jordan,Phillips,philjo01
Ava,Campbell,campav01
Cameron,Mitchell,mitcam01
Mia,Parker,parmia01
Brandon,Evans,evanbr01
Chloe,Edwards,edwch01
Nathan,Collins,colnat01
Zoe,Stewart,stewzo01
Dylan,Sanchez,sandyl01
Lily,Morris,morli01
Connor,Rogers,rogcon01
Grace,Reed,reegra01
Ethan,Cook,cooket01
Hannah,Bailey,bailha01
Logan,Morgan,morlog01
Aria,Bell,belari01
Caleb,Murphy,murcal01
Scarlett,Richardson,richsc01
Isaac,Cox,coxis01
Victoria,Ward,warvic01
